Volunteer role,Volunteer names
Tournament Director,Name 1
Firefighter,Name 1
Judge Advisor,Name 1
Robot Design Judge,Name 1,Name 2,Name 3,Name 4,Name 5,Name 6
Core Values Judge,Name 1,Name 2,Name 3,Name 4,Name 5,Name 6
Research Project Judge,Name 1,Name 2,Name 3,Name 4,Name 5,Name 6
Judge Check-in,Name 1,Name 2,Name 3
Head Referee,Name 1
Referee,Name 1,Name 2,Name 3,Name 4
Scorekeeper,Name 1
Timekeeper,Name 1
Field Resetter,Name 1,Name 2
Lead Queuer,Name 1
Queuer,Name 1,Name 2
Emcee,Name 1
DJ,Name 1
Pit Admin,Name 1,Name 2
Volunteer Check-in,Name 1
Practice Table Attendant,Name 1
